Date,ExchangeRate,RateType,Source,LoadTimestampUTC
2024-01-02,35.9593,Official FX,DolarAPI Oficial Histórico,2026-04-17T12:27:37.910422+00:00
2024-01-03,35.867,Official FX,DolarAPI Oficial Histórico,2026-04-17T12:27:37.910422+00:00
2024-01-04,35.9496,Official FX,DolarAPI Oficial Histórico,2026-04-17T12:27:37.910422+00:00
2024-01-05,36.0345,Official FX,DolarAPI Oficial Histórico,2026-04-17T12:27:37.910422+00:00
2024-01-08,36.0065,Official FX,DolarAPI Oficial Histórico,2026-04-17T12:27:37.910422+00:00
2024-01-09,35.9385,Official FX,DolarAPI Oficial Histórico,2026-04-17T12:27:37.910422+00:00
2024-01-10,35.9171,Official FX,DolarAPI Oficial Histórico,2026-04-17T12:27:37.910422+00:00
2024-01-11,35.9437,Official FX,DolarAPI Oficial Histórico,2026-04-17T12:27:37.910422+00:00
2024-01-12,35.9629,Official FX,DolarAPI Oficial Histórico,2026-04-17T12:27:37.910422+00:00
2024-01-15,36.0397,Official FX,DolarAPI Oficial Histórico,2026-04-17T12:27:37.910422+00:00
2024-01-16,35.9744,Official FX,DolarAPI Oficial Histórico,2026-04-17T12:27:37.910422+00:00
2024-01-17,36.0466,Official FX,DolarAPI Oficial Histórico,2026-04-17T12:27:37.910422+00:00
2024-01-18,36.0761,Official FX,DolarAPI Oficial Histórico,2026-04-17T12:27:37.910422+00:00
2024-01-19,36.1379,Official FX,DolarAPI Oficial Histórico,2026-04-17T12:27:37.910422+00:00
2024-01-22,36.1459,Official FX,DolarAPI Oficial Histórico,2026-04-17T12:27:37.910422+00:00
2024-01-23,36.1104,Official FX,DolarAPI Oficial Histórico,2026-04-17T12:27:37.910422+00:00
2024-01-24,36.1279,Official FX,DolarAPI Oficial Histórico,2026-04-17T12:27:37.910422+00:00
2024-01-25,36.1187,Official FX,DolarAPI Oficial Histórico,2026-04-17T12:27:37.910422+00:00
2024-01-26,36.1186,Official FX,DolarAPI Oficial Histórico,2026-04-17T12:27:37.910422+00:00
2024-01-29,36.202,Official FX,DolarAPI Oficial Histórico,2026-04-17T12:27:37.910422+00:00
2024-01-30,36.1418,Official FX,DolarAPI Oficial Histórico,2026-04-17T12:27:37.910422+00:00
2024-01-31,36.2032,Official FX,DolarAPI Oficial Histórico,2026-04-17T12:27:37.910422+00:00
2024-02-01,36.2601,Official FX,DolarAPI Oficial Histórico,2026-04-17T12:27:37.910422+00:00
2024-02-02,36.2352,Official FX,DolarAPI Oficial Histórico,2026-04-17T12:27:37.910422+00:00
2024-02-05,36.2859,Official FX,DolarAPI Oficial Histórico,2026-04-17T12:27:37.910422+00:00
2024-02-06,36.2534,Official FX,DolarAPI Oficial Histórico,2026-04-17T12:27:37.910422+00:00
2024-02-07,36.2556,Official FX,DolarAPI Oficial Histórico,2026-04-17T12:27:37.910422+00:00
2024-02-08,36.2375,Official FX,DolarAPI Oficial Histórico,2026-04-17T12:27:37.910422+00:00
2024-02-09,36.2919,Official FX,DolarAPI Oficial Histórico,2026-04-17T12:27:37.910422+00:00
2024-02-14,36.3185,Official FX,DolarAPI Oficial Histórico,2026-04-17T12:27:37.910422+00:00
2024-02-15,36.2609,Official FX,DolarAPI Oficial Histórico,2026-04-17T12:27:37.910422+00:00
2024-02-16,36.2737,Official FX,DolarAPI Oficial Histórico,2026-04-17T12:27:37.910422+00:00
2024-02-19,36.3358,Official FX,DolarAPI Oficial Histórico,2026-04-17T12:27:37.910422+00:00
2024-02-20,36.2375,Official FX,DolarAPI Oficial Histórico,2026-04-17T12:27:37.910422+00:00
2024-02-21,36.2951,Official FX,DolarAPI Oficial Histórico,2026-04-17T12:27:37.910422+00:00
2024-02-22,36.2315,Official FX,DolarAPI Oficial Histórico,2026-04-17T12:27:37.910422+00:00
2024-02-23,36.2329,Official FX,DolarAPI Oficial Histórico,2026-04-17T12:27:37.910422+00:00
2024-02-26,36.0698,Official FX,DolarAPI Oficial Histórico,2026-04-17T12:27:37.910422+00:00
2024-02-27,36.0706,Official FX,DolarAPI Oficial Histórico,2026-04-17T12:27:37.910422+00:00
2024-02-28,36.0955,Official FX,DolarAPI Oficial Histórico,2026-04-17T12:27:37.910422+00:00
2024-02-29,36.1304,Official FX,DolarAPI Oficial Histórico,2026-04-17T12:27:37.910422+00:00
2024-03-01,36.1518,Official FX,DolarAPI Oficial Histórico,2026-04-17T12:27:37.910422+00:00
2024-03-04,36.0801,Official FX,DolarAPI Oficial Histórico,2026-04-17T12:27:37.910422+00:00
2024-03-05,36.0933,Official FX,DolarAPI Oficial Histórico,2026-04-17T12:27:37.910422+00:00
2024-03-06,36.1318,Official FX,DolarAPI Oficial Histórico,2026-04-17T12:27:37.910422+00:00
2024-03-07,36.1726,Official FX,DolarAPI Oficial Histórico,2026-04-17T12:27:37.910422+00:00
2024-03-08,36.1331,Official FX,DolarAPI Oficial Histórico,2026-04-17T12:27:37.910422+00:00
2024-03-11,36.1903,Official FX,DolarAPI Oficial Histórico,2026-04-17T12:27:37.910422+00:00
2024-03-12,36.2005,Official FX,DolarAPI Oficial Histórico,2026-04-17T12:27:37.910422+00:00
2024-03-13,36.2368,Official FX,DolarAPI Oficial Histórico,2026-04-17T12:27:37.910422+00:00
2024-03-14,36.2633,Official FX,DolarAPI Oficial Histórico,2026-04-17T12:27:37.910422+00:00
2024-03-15,36.276,Official FX,DolarAPI Oficial Histórico,2026-04-17T12:27:37.910422+00:00
2024-03-18,36.3167,Official FX,DolarAPI Oficial Histórico,2026-04-17T12:27:37.910422+00:00
2024-03-20,36.2653,Official FX,DolarAPI Oficial Histórico,2026-04-17T12:27:37.910422+00:00
2024-03-21,36.2861,Official FX,DolarAPI Oficial Histórico,2026-04-17T12:27:37.910422+00:00
2024-03-22,36.3217,Official FX,DolarAPI Oficial Histórico,2026-04-17T12:27:37.910422+00:00
2024-03-25,36.3555,Official FX,DolarAPI Oficial Histórico,2026-04-17T12:27:37.910422+00:00
2024-03-26,36.3006,Official FX,DolarAPI Oficial Histórico,2026-04-17T12:27:37.910422+00:00
2024-03-27,36.334,Official FX,DolarAPI Oficial Histórico,2026-04-17T12:27:37.910422+00:00
2024-04-01,36.2896,Official FX,DolarAPI Oficial Histórico,2026-04-17T12:27:37.910422+00:00
2024-04-02,36.2611,Official FX,DolarAPI Oficial Histórico,2026-04-17T12:27:37.910422+00:00
2024-04-03,36.286,Official FX,DolarAPI Oficial Histórico,2026-04-17T12:27:37.910422+00:00
2024-04-04,36.2493,Official FX,DolarAPI Oficial Histórico,2026-04-17T12:27:37.910422+00:00
2024-04-05,36.2105,Official FX,DolarAPI Oficial Histórico,2026-04-17T12:27:37.910422+00:00
2024-04-08,36.2274,Official FX,DolarAPI Oficial Histórico,2026-04-17T12:27:37.910422+00:00
2024-04-09,36.1809,Official FX,DolarAPI Oficial Histórico,2026-04-17T12:27:37.910422+00:00
2024-04-10,36.2251,Official FX,DolarAPI Oficial Histórico,2026-04-17T12:27:37.910422+00:00
2024-04-11,36.1883,Official FX,DolarAPI Oficial Histórico,2026-04-17T12:27:37.910422+00:00
2024-04-12,36.2804,Official FX,DolarAPI Oficial Histórico,2026-04-17T12:27:37.910422+00:00
2024-04-15,36.2947,Official FX,DolarAPI Oficial Histórico,2026-04-17T12:27:37.910422+00:00
2024-04-16,36.2889,Official FX,DolarAPI Oficial Histórico,2026-04-17T12:27:37.910422+00:00
2024-04-17,36.2974,Official FX,DolarAPI Oficial Histórico,2026-04-17T12:27:37.910422+00:00
2024-04-18,36.3265,Official FX,DolarAPI Oficial Histórico,2026-04-17T12:27:37.910422+00:00
2024-04-22,36.3421,Official FX,DolarAPI Oficial Histórico,2026-04-17T12:27:37.910422+00:00
2024-04-23,36.3506,Official FX,DolarAPI Oficial Histórico,2026-04-17T12:27:37.910422+00:00
2024-04-24,36.3877,Official FX,DolarAPI Oficial Histórico,2026-04-17T12:27:37.910422+00:00
2024-04-25,36.4231,Official FX,DolarAPI Oficial Histórico,2026-04-17T12:27:37.910422+00:00
2024-04-26,36.4311,Official FX,DolarAPI Oficial Histórico,2026-04-17T12:27:37.910422+00:00
2024-04-29,36.4324,Official FX,DolarAPI Oficial Histórico,2026-04-17T12:27:37.910422+00:00
2024-04-30,36.4262,Official FX,DolarAPI Oficial Histórico,2026-04-17T12:27:37.910422+00:00
2024-05-02,36.473,Official FX,DolarAPI Oficial Histórico,2026-04-17T12:27:37.910422+00:00
2024-05-03,36.5099,Official FX,DolarAPI Oficial Histórico,2026-04-17T12:27:37.910422+00:00
2024-05-06,36.5849,Official FX,DolarAPI Oficial Histórico,2026-04-17T12:27:37.910422+00:00
2024-05-07,36.5763,Official FX,DolarAPI Oficial Histórico,2026-04-17T12:27:37.910422+00:00
2024-05-08,36.5621,Official FX,DolarAPI Oficial Histórico,2026-04-17T12:27:37.910422+00:00
2024-05-09,36.5828,Official FX,DolarAPI Oficial Histórico,2026-04-17T12:27:37.910422+00:00
2024-05-10,36.5865,Official FX,DolarAPI Oficial Histórico,2026-04-17T12:27:37.910422+00:00
2024-05-14,36.6101,Official FX,DolarAPI Oficial Histórico,2026-04-17T12:27:37.910422+00:00
2024-05-15,36.5949,Official FX,DolarAPI Oficial Histórico,2026-04-17T12:27:37.910422+00:00
2024-05-16,36.6042,Official FX,DolarAPI Oficial Histórico,2026-04-17T12:27:37.910422+00:00
2024-05-17,36.6265,Official FX,DolarAPI Oficial Histórico,2026-04-17T12:27:37.910422+00:00
2024-05-20,36.5717,Official FX,DolarAPI Oficial Histórico,2026-04-17T12:27:37.910422+00:00
2024-05-21,36.5703,Official FX,DolarAPI Oficial Histórico,2026-04-17T12:27:37.910422+00:00
2024-05-22,36.5589,Official FX,DolarAPI Oficial Histórico,2026-04-17T12:27:37.910422+00:00
2024-05-23,36.5464,Official FX,DolarAPI Oficial Histórico,2026-04-17T12:27:37.910422+00:00
2024-05-24,36.5219,Official FX,DolarAPI Oficial Histórico,2026-04-17T12:27:37.910422+00:00
2024-05-27,36.5129,Official FX,DolarAPI Oficial Histórico,2026-04-17T12:27:37.910422+00:00
2024-05-28,36.5119,Official FX,DolarAPI Oficial Histórico,2026-04-17T12:27:37.910422+00:00
2024-05-29,36.5103,Official FX,DolarAPI Oficial Histórico,2026-04-17T12:27:37.910422+00:00
2024-05-30,36.5114,Official FX,DolarAPI Oficial Histórico,2026-04-17T12:27:37.910422+00:00
2024-05-31,36.5372,Official FX,DolarAPI Oficial Histórico,2026-04-17T12:27:37.910422+00:00
2024-06-04,36.5344,Official FX,DolarAPI Oficial Histórico,2026-04-17T12:27:37.910422+00:00
2024-06-05,36.5408,Official FX,DolarAPI Oficial Histórico,2026-04-17T12:27:37.910422+00:00
2024-06-06,36.524,Official FX,DolarAPI Oficial Histórico,2026-04-17T12:27:37.910422+00:00
2024-06-07,36.4882,Official FX,DolarAPI Oficial Histórico,2026-04-17T12:27:37.910422+00:00
2024-06-10,36.4787,Official FX,DolarAPI Oficial Histórico,2026-04-17T12:27:37.910422+00:00
2024-06-11,36.45,Official FX,DolarAPI Oficial Histórico,2026-04-17T12:27:37.910422+00:00
2024-06-12,36.4385,Official FX,DolarAPI Oficial Histórico,2026-04-17T12:27:37.910422+00:00
2024-06-13,36.4497,Official FX,DolarAPI Oficial Histórico,2026-04-17T12:27:37.910422+00:00
2024-06-14,36.4296,Official FX,DolarAPI Oficial Histórico,2026-04-17T12:27:37.910422+00:00
2024-06-18,36.4176,Official FX,DolarAPI Oficial Histórico,2026-04-17T12:27:37.910422+00:00
2024-06-19,36.3939,Official FX,DolarAPI Oficial Histórico,2026-04-17T12:27:37.910422+00:00
2024-06-20,36.3831,Official FX,DolarAPI Oficial Histórico,2026-04-17T12:27:37.910422+00:00
2024-06-21,36.3789,Official FX,DolarAPI Oficial Histórico,2026-04-17T12:27:37.910422+00:00
2024-06-25,36.3725,Official FX,DolarAPI Oficial Histórico,2026-04-17T12:27:37.910422+00:00
2024-06-26,36.3655,Official FX,DolarAPI Oficial Histórico,2026-04-17T12:27:37.910422+00:00
2024-06-27,36.3823,Official FX,DolarAPI Oficial Histórico,2026-04-17T12:27:37.910422+00:00
2024-06-28,36.4085,Official FX,DolarAPI Oficial Histórico,2026-04-17T12:27:37.910422+00:00
2024-07-01,36.4462,Official FX,DolarAPI Oficial Histórico,2026-04-17T12:27:37.910422+00:00
2024-07-02,36.4551,Official FX,DolarAPI Oficial Histórico,2026-04-17T12:27:37.910422+00:00
2024-07-03,36.4672,Official FX,DolarAPI Oficial Histórico,2026-04-17T12:27:37.910422+00:00
2024-07-04,36.4779,Official FX,DolarAPI Oficial Histórico,2026-04-17T12:27:37.910422+00:00
2024-07-08,36.5123,Official FX,DolarAPI Oficial Histórico,2026-04-17T12:27:37.910422+00:00
2024-07-09,36.4888,Official FX,DolarAPI Oficial Histórico,2026-04-17T12:27:37.910422+00:00
2024-07-10,36.5056,Official FX,DolarAPI Oficial Histórico,2026-04-17T12:27:37.910422+00:00
2024-07-11,36.5134,Official FX,DolarAPI Oficial Histórico,2026-04-17T12:27:37.910422+00:00
2024-07-12,36.5303,Official FX,DolarAPI Oficial Histórico,2026-04-17T12:27:37.910422+00:00
2024-07-15,36.5243,Official FX,DolarAPI Oficial Histórico,2026-04-17T12:27:37.910422+00:00
2024-07-16,36.5004,Official FX,DolarAPI Oficial Histórico,2026-04-17T12:27:37.910422+00:00
2024-07-17,36.506,Official FX,DolarAPI Oficial Histórico,2026-04-17T12:27:37.910422+00:00
2024-07-18,36.5407,Official FX,DolarAPI Oficial Histórico,2026-04-17T12:27:37.910422+00:00
2024-07-19,36.5724,Official FX,DolarAPI Oficial Histórico,2026-04-17T12:27:37.910422+00:00
2024-07-22,36.6066,Official FX,DolarAPI Oficial Histórico,2026-04-17T12:27:37.910422+00:00
2024-07-23,36.5314,Official FX,DolarAPI Oficial Histórico,2026-04-17T12:27:37.910422+00:00
2024-07-25,36.559,Official FX,DolarAPI Oficial Histórico,2026-04-17T12:27:37.910422+00:00
2024-07-26,36.5797,Official FX,DolarAPI Oficial Histórico,2026-04-17T12:27:37.910422+00:00
2024-07-29,36.6074,Official FX,DolarAPI Oficial Histórico,2026-04-17T12:27:37.910422+00:00
2024-07-30,36.609,Official FX,DolarAPI Oficial Histórico,2026-04-17T12:27:37.910422+00:00
2024-07-31,36.6128,Official FX,DolarAPI Oficial Histórico,2026-04-17T12:27:37.910422+00:00
2024-08-01,36.6368,Official FX,DolarAPI Oficial Histórico,2026-04-17T12:27:37.910422+00:00
2024-08-02,36.6423,Official FX,DolarAPI Oficial Histórico,2026-04-17T12:27:37.910422+00:00
2024-08-05,36.6555,Official FX,DolarAPI Oficial Histórico,2026-04-17T12:27:37.910422+00:00
2024-08-06,36.6527,Official FX,DolarAPI Oficial Histórico,2026-04-17T12:27:37.910422+00:00
2024-08-07,36.6642,Official FX,DolarAPI Oficial Histórico,2026-04-17T12:27:37.910422+00:00
2024-08-08,36.6806,Official FX,DolarAPI Oficial Histórico,2026-04-17T12:27:37.910422+00:00
2024-08-09,36.6827,Official FX,DolarAPI Oficial Histórico,2026-04-17T12:27:37.910422+00:00
2024-08-12,36.6658,Official FX,DolarAPI Oficial Histórico,2026-04-17T12:27:37.910422+00:00
2024-08-13,36.6305,Official FX,DolarAPI Oficial Histórico,2026-04-17T12:27:37.910422+00:00
2024-08-14,36.6561,Official FX,DolarAPI Oficial Histórico,2026-04-17T12:27:37.910422+00:00
2024-08-15,36.6132,Official FX,DolarAPI Oficial Histórico,2026-04-17T12:27:37.910422+00:00
2024-08-16,36.6768,Official FX,DolarAPI Oficial Histórico,2026-04-17T12:27:37.910422+00:00
2024-08-20,36.6848,Official FX,DolarAPI Oficial Histórico,2026-04-17T12:27:37.910422+00:00
2024-08-21,36.683,Official FX,DolarAPI Oficial Histórico,2026-04-17T12:27:37.910422+00:00
2024-08-22,36.6484,Official FX,DolarAPI Oficial Histórico,2026-04-17T12:27:37.910422+00:00
2024-08-23,36.6967,Official FX,DolarAPI Oficial Histórico,2026-04-17T12:27:37.910422+00:00
2024-08-26,36.5888,Official FX,DolarAPI Oficial Histórico,2026-04-17T12:27:37.910422+00:00
2024-08-27,36.5633,Official FX,DolarAPI Oficial Histórico,2026-04-17T12:27:37.910422+00:00
2024-08-28,36.5883,Official FX,DolarAPI Oficial Histórico,2026-04-17T12:27:37.910422+00:00
2024-08-29,36.5919,Official FX,DolarAPI Oficial Histórico,2026-04-17T12:27:37.910422+00:00
2024-08-30,36.6259,Official FX,DolarAPI Oficial Histórico,2026-04-17T12:27:37.910422+00:00
2024-09-02,36.6454,Official FX,DolarAPI Oficial Histórico,2026-04-17T12:27:37.910422+00:00
2024-09-03,36.6386,Official FX,DolarAPI Oficial Histórico,2026-04-17T12:27:37.910422+00:00
2024-09-04,36.6391,Official FX,DolarAPI Oficial Histórico,2026-04-17T12:27:37.910422+00:00
2024-09-05,36.6436,Official FX,DolarAPI Oficial Histórico,2026-04-17T12:27:37.910422+00:00
2024-09-06,36.6846,Official FX,DolarAPI Oficial Histórico,2026-04-17T12:27:37.910422+00:00
2024-09-09,36.6958,Official FX,DolarAPI Oficial Histórico,2026-04-17T12:27:37.910422+00:00
2024-09-10,36.6854,Official FX,DolarAPI Oficial Histórico,2026-04-17T12:27:37.910422+00:00
2024-09-11,36.7062,Official FX,DolarAPI Oficial Histórico,2026-04-17T12:27:37.910422+00:00
2024-09-12,36.7323,Official FX,DolarAPI Oficial Histórico,2026-04-17T12:27:37.910422+00:00
2024-09-13,36.741,Official FX,DolarAPI Oficial Histórico,2026-04-17T12:27:37.910422+00:00
2024-09-17,36.7751,Official FX,DolarAPI Oficial Histórico,2026-04-17T12:27:37.910422+00:00
2024-09-18,36.7702,Official FX,DolarAPI Oficial Histórico,2026-04-17T12:27:37.910422+00:00
2024-09-19,36.7789,Official FX,DolarAPI Oficial Histórico,2026-04-17T12:27:37.910422+00:00
2024-09-20,36.8013,Official FX,DolarAPI Oficial Histórico,2026-04-17T12:27:37.910422+00:00
2024-09-23,36.823,Official FX,DolarAPI Oficial Histórico,2026-04-17T12:27:37.910422+00:00
2024-09-24,36.813,Official FX,DolarAPI Oficial Histórico,2026-04-17T12:27:37.910422+00:00
2024-09-25,36.8105,Official FX,DolarAPI Oficial Histórico,2026-04-17T12:27:37.910422+00:00
2024-09-26,36.8507,Official FX,DolarAPI Oficial Histórico,2026-04-17T12:27:37.910422+00:00
2024-09-27,36.8655,Official FX,DolarAPI Oficial Histórico,2026-04-17T12:27:37.910422+00:00
2024-09-30,36.9086,Official FX,DolarAPI Oficial Histórico,2026-04-17T12:27:37.910422+00:00
2024-10-01,36.9227,Official FX,DolarAPI Oficial Histórico,2026-04-17T12:27:37.910422+00:00
2024-10-02,36.9187,Official FX,DolarAPI Oficial Histórico,2026-04-17T12:27:37.910422+00:00
2024-10-03,36.9812,Official FX,DolarAPI Oficial Histórico,2026-04-17T12:27:37.910422+00:00
2024-10-04,36.9855,Official FX,DolarAPI Oficial Histórico,2026-04-17T12:27:37.910422+00:00
2024-10-07,37.0358,Official FX,DolarAPI Oficial Histórico,2026-04-17T12:27:37.910422+00:00
2024-10-08,37.0397,Official FX,DolarAPI Oficial Histórico,2026-04-17T12:27:37.910422+00:00
2024-10-09,37.074,Official FX,DolarAPI Oficial Histórico,2026-04-17T12:27:37.910422+00:00
2024-10-10,37.5295,Official FX,DolarAPI Oficial Histórico,2026-04-17T12:27:37.910422+00:00
2024-10-11,37.6502,Official FX,DolarAPI Oficial Histórico,2026-04-17T12:27:37.910422+00:00
2024-10-14,38.8857,Official FX,DolarAPI Oficial Histórico,2026-04-17T12:27:37.910422+00:00
2024-10-15,38.888,Official FX,DolarAPI Oficial Histórico,2026-04-17T12:27:37.910422+00:00
2024-10-16,38.9179,Official FX,DolarAPI Oficial Histórico,2026-04-17T12:27:37.910422+00:00
2024-10-17,39.0116,Official FX,DolarAPI Oficial Histórico,2026-04-17T12:27:37.910422+00:00
2024-10-18,39.1344,Official FX,DolarAPI Oficial Histórico,2026-04-17T12:27:37.910422+00:00
2024-10-21,39.1699,Official FX,DolarAPI Oficial Histórico,2026-04-17T12:27:37.910422+00:00
2024-10-22,39.1813,Official FX,DolarAPI Oficial Histórico,2026-04-17T12:27:37.910422+00:00
2024-10-23,39.323,Official FX,DolarAPI Oficial Histórico,2026-04-17T12:27:37.910422+00:00
2024-10-24,39.4617,Official FX,DolarAPI Oficial Histórico,2026-04-17T12:27:37.910422+00:00
2024-10-25,40.8803,Official FX,DolarAPI Oficial Histórico,2026-04-17T12:27:37.910422+00:00
2024-10-28,41.0429,Official FX,DolarAPI Oficial Histórico,2026-04-17T12:27:37.910422+00:00
2024-10-29,41.7361,Official FX,DolarAPI Oficial Histórico,2026-04-17T12:27:37.910422+00:00
2024-10-30,42.2256,Official FX,DolarAPI Oficial Histórico,2026-04-17T12:27:37.910422+00:00
2024-10-31,42.5622,Official FX,DolarAPI Oficial Histórico,2026-04-17T12:27:37.910422+00:00
2024-11-01,42.7101,Official FX,DolarAPI Oficial Histórico,2026-04-17T12:27:37.910422+00:00
2024-11-05,42.8569,Official FX,DolarAPI Oficial Histórico,2026-04-17T12:27:37.910422+00:00
2024-11-06,43.4576,Official FX,DolarAPI Oficial Histórico,2026-04-17T12:27:37.910422+00:00
2024-11-07,43.7822,Official FX,DolarAPI Oficial Histórico,2026-04-17T12:27:37.910422+00:00
2024-11-08,44.1861,Official FX,DolarAPI Oficial Histórico,2026-04-17T12:27:37.910422+00:00
2024-11-11,44.7035,Official FX,DolarAPI Oficial Histórico,2026-04-17T12:27:37.910422+00:00
2024-11-12,44.7544,Official FX,DolarAPI Oficial Histórico,2026-04-17T12:27:37.910422+00:00
2024-11-13,44.9289,Official FX,DolarAPI Oficial Histórico,2026-04-17T12:27:37.910422+00:00
2024-11-14,45.053,Official FX,DolarAPI Oficial Histórico,2026-04-17T12:27:37.910422+00:00
2024-11-15,45.507,Official FX,DolarAPI Oficial Histórico,2026-04-17T12:27:37.910422+00:00
2024-11-19,45.7894,Official FX,DolarAPI Oficial Histórico,2026-04-17T12:27:37.910422+00:00
2024-11-20,45.841,Official FX,DolarAPI Oficial Histórico,2026-04-17T12:27:37.910422+00:00
2024-11-21,46.0588,Official FX,DolarAPI Oficial Histórico,2026-04-17T12:27:37.910422+00:00
2024-11-22,46.3273,Official FX,DolarAPI Oficial Histórico,2026-04-17T12:27:37.910422+00:00
2024-11-25,46.6176,Official FX,DolarAPI Oficial Histórico,2026-04-17T12:27:37.910422+00:00
2024-11-26,46.6427,Official FX,DolarAPI Oficial Histórico,2026-04-17T12:27:37.910422+00:00
2024-11-27,46.7537,Official FX,DolarAPI Oficial Histórico,2026-04-17T12:27:37.910422+00:00
2024-11-28,46.8554,Official FX,DolarAPI Oficial Histórico,2026-04-17T12:27:37.910422+00:00
2024-11-29,47.3138,Official FX,DolarAPI Oficial Histórico,2026-04-17T12:27:37.910422+00:00
2024-12-02,47.6074,Official FX,DolarAPI Oficial Histórico,2026-04-17T12:27:37.910422+00:00
2024-12-03,47.7293,Official FX,DolarAPI Oficial Histórico,2026-04-17T12:27:37.910422+00:00
2024-12-04,47.8552,Official FX,DolarAPI Oficial Histórico,2026-04-17T12:27:37.910422+00:00
2024-12-05,48.1183,Official FX,DolarAPI Oficial Histórico,2026-04-17T12:27:37.910422+00:00
2024-12-06,48.3265,Official FX,DolarAPI Oficial Histórico,2026-04-17T12:27:37.910422+00:00
2024-12-09,48.7903,Official FX,DolarAPI Oficial Histórico,2026-04-17T12:27:37.910422+00:00
2024-12-10,48.8695,Official FX,DolarAPI Oficial Histórico,2026-04-17T12:27:37.910422+00:00
2024-12-11,49.1111,Official FX,DolarAPI Oficial Histórico,2026-04-17T12:27:37.910422+00:00
2024-12-12,49.4757,Official FX,DolarAPI Oficial Histórico,2026-04-17T12:27:37.910422+00:00
2024-12-13,49.9068,Official FX,DolarAPI Oficial Histórico,2026-04-17T12:27:37.910422+00:00
2024-12-16,50.3319,Official FX,DolarAPI Oficial Histórico,2026-04-17T12:27:37.910422+00:00
2024-12-17,50.371,Official FX,DolarAPI Oficial Histórico,2026-04-17T12:27:37.910422+00:00
2024-12-18,50.5419,Official FX,DolarAPI Oficial Histórico,2026-04-17T12:27:37.910422+00:00
2024-12-19,50.9545,Official FX,DolarAPI Oficial Histórico,2026-04-17T12:27:37.910422+00:00
2024-12-20,51.3504,Official FX,DolarAPI Oficial Histórico,2026-04-17T12:27:37.910422+00:00
2024-12-23,51.5398,Official FX,DolarAPI Oficial Histórico,2026-04-17T12:27:37.910422+00:00
2024-12-26,51.64,Official FX,DolarAPI Oficial Histórico,2026-04-17T12:27:37.910422+00:00
2024-12-27,51.7659,Official FX,DolarAPI Oficial Histórico,2026-04-17T12:27:37.910422+00:00
2024-12-30,51.9345,Official FX,DolarAPI Oficial Histórico,2026-04-17T12:27:37.910422+00:00
2025-01-02,52.0271,Official FX,DolarAPI Oficial Histórico,2026-04-17T12:27:37.910422+00:00
2025-01-03,52.5723,Official FX,DolarAPI Oficial Histórico,2026-04-17T12:27:37.910422+00:00
2025-01-07,53.012,Official FX,DolarAPI Oficial Histórico,2026-04-17T12:27:37.910422+00:00
2025-01-08,53.0704,Official FX,DolarAPI Oficial Histórico,2026-04-17T12:27:37.910422+00:00
2025-01-09,53.2827,Official FX,DolarAPI Oficial Histórico,2026-04-17T12:27:37.910422+00:00
2025-01-10,53.8522,Official FX,DolarAPI Oficial Histórico,2026-04-17T12:27:37.910422+00:00
2025-01-14,53.8791,Official FX,DolarAPI Oficial Histórico,2026-04-17T12:27:37.910422+00:00
2025-01-15,53.9642,Official FX,DolarAPI Oficial Histórico,2026-04-17T12:27:37.910422+00:00
2025-01-16,54.3694,Official FX,DolarAPI Oficial Histórico,2026-04-17T12:27:37.910422+00:00
2025-01-17,54.76,Official FX,DolarAPI Oficial Histórico,2026-04-17T12:27:37.910422+00:00
2025-01-20,54.9113,Official FX,DolarAPI Oficial Histórico,2026-04-17T12:27:37.910422+00:00
2025-01-21,54.9852,Official FX,DolarAPI Oficial Histórico,2026-04-17T12:27:37.910422+00:00
2025-01-22,55.2999,Official FX,DolarAPI Oficial Histórico,2026-04-17T12:27:37.910422+00:00
2025-01-23,55.7611,Official FX,DolarAPI Oficial Histórico,2026-04-17T12:27:37.910422+00:00
2025-01-24,56.283,Official FX,DolarAPI Oficial Histórico,2026-04-17T12:27:37.910422+00:00
2025-01-27,56.6522,Official FX,DolarAPI Oficial Histórico,2026-04-17T12:27:37.910422+00:00
2025-01-28,56.8562,Official FX,DolarAPI Oficial Histórico,2026-04-17T12:27:37.910422+00:00
2025-01-29,57.2974,Official FX,DolarAPI Oficial Histórico,2026-04-17T12:27:37.910422+00:00
2025-01-30,57.3929,Official FX,DolarAPI Oficial Histórico,2026-04-17T12:27:37.910422+00:00
2025-01-31,57.9666,Official FX,DolarAPI Oficial Histórico,2026-04-17T12:27:37.910422+00:00
2025-02-03,58.4437,Official FX,DolarAPI Oficial Histórico,2026-04-17T12:27:37.910422+00:00
2025-02-04,58.5404,Official FX,DolarAPI Oficial Histórico,2026-04-17T12:27:37.910422+00:00
2025-02-05,58.7938,Official FX,DolarAPI Oficial Histórico,2026-04-17T12:27:37.910422+00:00
2025-02-06,59.4605,Official FX,DolarAPI Oficial Histórico,2026-04-17T12:27:37.910422+00:00
2025-02-07,60.1417,Official FX,DolarAPI Oficial Histórico,2026-04-17T12:27:37.910422+00:00
2025-02-10,60.5211,Official FX,DolarAPI Oficial Histórico,2026-04-17T12:27:37.910422+00:00
2025-02-11,60.5428,Official FX,DolarAPI Oficial Histórico,2026-04-17T12:27:37.910422+00:00
2025-02-12,61.0278,Official FX,DolarAPI Oficial Histórico,2026-04-17T12:27:37.910422+00:00
2025-02-13,61.3462,Official FX,DolarAPI Oficial Histórico,2026-04-17T12:27:37.910422+00:00
2025-02-14,61.8227,Official FX,DolarAPI Oficial Histórico,2026-04-17T12:27:37.910422+00:00
2025-02-17,62.0708,Official FX,DolarAPI Oficial Histórico,2026-04-17T12:27:37.910422+00:00
2025-02-18,62.0999,Official FX,DolarAPI Oficial Histórico,2026-04-17T12:27:37.910422+00:00
2025-02-19,62.1834,Official FX,DolarAPI Oficial Histórico,2026-04-17T12:27:37.910422+00:00
2025-02-20,62.5107,Official FX,DolarAPI Oficial Histórico,2026-04-17T12:27:37.910422+00:00
2025-02-21,63.2065,Official FX,DolarAPI Oficial Histórico,2026-04-17T12:27:37.910422+00:00
2025-02-24,63.4139,Official FX,DolarAPI Oficial Histórico,2026-04-17T12:27:37.910422+00:00
2025-02-25,63.4938,Official FX,DolarAPI Oficial Histórico,2026-04-17T12:27:37.910422+00:00
2025-02-26,64.0191,Official FX,DolarAPI Oficial Histórico,2026-04-17T12:27:37.910422+00:00
2025-02-27,64.2406,Official FX,DolarAPI Oficial Histórico,2026-04-17T12:27:37.910422+00:00
2025-02-28,64.2464,Official FX,DolarAPI Oficial Histórico,2026-04-17T12:27:37.910422+00:00
2025-03-05,64.4844,Official FX,DolarAPI Oficial Histórico,2026-04-17T12:27:37.910422+00:00
2025-03-06,64.6116,Official FX,DolarAPI Oficial Histórico,2026-04-17T12:27:37.910422+00:00
2025-03-07,64.746,Official FX,DolarAPI Oficial Histórico,2026-04-17T12:27:37.910422+00:00
2025-03-10,65.2662,Official FX,DolarAPI Oficial Histórico,2026-04-17T12:27:37.910422+00:00
2025-03-11,65.4151,Official FX,DolarAPI Oficial Histórico,2026-04-17T12:27:37.910422+00:00
2025-03-12,65.6268,Official FX,DolarAPI Oficial Histórico,2026-04-17T12:27:37.910422+00:00
2025-03-13,66.2542,Official FX,DolarAPI Oficial Histórico,2026-04-17T12:27:37.910422+00:00
2025-03-14,66.4368,Official FX,DolarAPI Oficial Histórico,2026-04-17T12:27:37.910422+00:00
2025-03-17,66.5573,Official FX,DolarAPI Oficial Histórico,2026-04-17T12:27:37.910422+00:00
2025-03-18,66.788,Official FX,DolarAPI Oficial Histórico,2026-04-17T12:27:37.910422+00:00
2025-03-20,67.6344,Official FX,DolarAPI Oficial Histórico,2026-04-17T12:27:37.910422+00:00
2025-03-21,67.8583,Official FX,DolarAPI Oficial Histórico,2026-04-17T12:27:37.910422+00:00
2025-03-24,68.3116,Official FX,DolarAPI Oficial Histórico,2026-04-17T12:27:37.910422+00:00
2025-03-25,68.3936,Official FX,DolarAPI Oficial Histórico,2026-04-17T12:27:37.910422+00:00
2025-03-26,68.6994,Official FX,DolarAPI Oficial Histórico,2026-04-17T12:27:37.910422+00:00
2025-03-27,69.0188,Official FX,DolarAPI Oficial Histórico,2026-04-17T12:27:37.910422+00:00
2025-03-28,69.4387,Official FX,DolarAPI Oficial Histórico,2026-04-17T12:27:37.910422+00:00
2025-03-31,69.5664,Official FX,DolarAPI Oficial Histórico,2026-04-17T12:27:37.910422+00:00
2025-04-01,69.776,Official FX,DolarAPI Oficial Histórico,2026-04-17T12:27:37.910422+00:00
2025-04-02,70.0141,Official FX,DolarAPI Oficial Histórico,2026-04-17T12:27:37.910422+00:00
2025-04-03,70.2493,Official FX,DolarAPI Oficial Histórico,2026-04-17T12:27:37.910422+00:00
2025-04-04,70.5852,Official FX,DolarAPI Oficial Histórico,2026-04-17T12:27:37.910422+00:00
2025-04-07,72.1856,Official FX,DolarAPI Oficial Histórico,2026-04-17T12:27:37.910422+00:00
2025-04-08,73.3576,Official FX,DolarAPI Oficial Histórico,2026-04-17T12:27:37.910422+00:00
2025-04-09,74.2787,Official FX,DolarAPI Oficial Histórico,2026-04-17T12:27:37.910422+00:00
2025-04-10,75.8025,Official FX,DolarAPI Oficial Histórico,2026-04-17T12:27:37.910422+00:00
2025-04-11,77.2646,Official FX,DolarAPI Oficial Histórico,2026-04-17T12:27:37.910422+00:00
2025-04-14,78.3635,Official FX,DolarAPI Oficial Histórico,2026-04-17T12:27:37.910422+00:00
2025-04-15,78.5914,Official FX,DolarAPI Oficial Histórico,2026-04-17T12:27:37.910422+00:00
2025-04-16,79.7844,Official FX,DolarAPI Oficial Histórico,2026-04-17T12:27:37.910422+00:00
2025-04-21,80.9598,Official FX,DolarAPI Oficial Histórico,2026-04-17T12:27:37.910422+00:00
2025-04-22,81.7613,Official FX,DolarAPI Oficial Histórico,2026-04-17T12:27:37.910422+00:00
2025-04-23,82.3788,Official FX,DolarAPI Oficial Histórico,2026-04-17T12:27:37.910422+00:00
2025-04-24,83.4182,Official FX,DolarAPI Oficial Histórico,2026-04-17T12:27:37.910422+00:00
2025-04-25,84.4204,Official FX,DolarAPI Oficial Histórico,2026-04-17T12:27:37.910422+00:00
2025-04-28,86.1143,Official FX,DolarAPI Oficial Histórico,2026-04-17T12:27:37.910422+00:00
2025-04-29,86.6564,Official FX,DolarAPI Oficial Histórico,2026-04-17T12:27:37.910422+00:00
2025-04-30,86.8465,Official FX,DolarAPI Oficial Histórico,2026-04-17T12:27:37.910422+00:00
2025-05-02,87.5681,Official FX,DolarAPI Oficial Histórico,2026-04-17T12:27:37.910422+00:00
2025-05-05,88.6405,Official FX,DolarAPI Oficial Histórico,2026-04-17T12:27:37.910422+00:00
2025-05-06,88.7224,Official FX,DolarAPI Oficial Histórico,2026-04-17T12:27:37.910422+00:00
2025-05-07,91.2113,Official FX,DolarAPI Oficial Histórico,2026-04-17T12:27:37.910422+00:00
2025-05-08,91.9165,Official FX,DolarAPI Oficial Histórico,2026-04-17T12:27:37.910422+00:00
2025-05-09,92.831,Official FX,DolarAPI Oficial Histórico,2026-04-17T12:27:37.910422+00:00
2025-05-12,93.0495,Official FX,DolarAPI Oficial Histórico,2026-04-17T12:27:37.910422+00:00
2025-05-13,93.0623,Official FX,DolarAPI Oficial Histórico,2026-04-17T12:27:37.910422+00:00
2025-05-14,93.5796,Official FX,DolarAPI Oficial Histórico,2026-04-17T12:27:37.910422+00:00
2025-05-15,94.1557,Official FX,DolarAPI Oficial Histórico,2026-04-17T12:27:37.910422+00:00
2025-05-16,94.3241,Official FX,DolarAPI Oficial Histórico,2026-04-17T12:27:37.910422+00:00
2025-05-19,94.763,Official FX,DolarAPI Oficial Histórico,2026-04-17T12:27:37.910422+00:00
2025-05-20,94.8024,Official FX,DolarAPI Oficial Histórico,2026-04-17T12:27:37.910422+00:00
2025-05-21,94.8556,Official FX,DolarAPI Oficial Histórico,2026-04-17T12:27:37.910422+00:00
2025-05-22,94.9652,Official FX,DolarAPI Oficial Histórico,2026-04-17T12:27:37.910422+00:00
2025-05-23,95.0189,Official FX,DolarAPI Oficial Histórico,2026-04-17T12:27:37.910422+00:00
2025-05-26,95.084,Official FX,DolarAPI Oficial Histórico,2026-04-17T12:27:37.910422+00:00
2025-05-27,95.2387,Official FX,DolarAPI Oficial Histórico,2026-04-17T12:27:37.910422+00:00
2025-05-28,95.8052,Official FX,DolarAPI Oficial Histórico,2026-04-17T12:27:37.910422+00:00
2025-05-29,96.5303,Official FX,DolarAPI Oficial Histórico,2026-04-17T12:27:37.910422+00:00
2025-05-30,96.8577,Official FX,DolarAPI Oficial Histórico,2026-04-17T12:27:37.910422+00:00
2025-06-03,97.3126,Official FX,DolarAPI Oficial Histórico,2026-04-17T12:27:37.910422+00:00
2025-06-04,97.4194,Official FX,DolarAPI Oficial Histórico,2026-04-17T12:27:37.910422+00:00
2025-06-05,97.9031,Official FX,DolarAPI Oficial Histórico,2026-04-17T12:27:37.910422+00:00
2025-06-06,98.5132,Official FX,DolarAPI Oficial Histórico,2026-04-17T12:27:37.910422+00:00
2025-06-09,99.0916,Official FX,DolarAPI Oficial Histórico,2026-04-17T12:27:37.910422+00:00
2025-06-10,99.1247,Official FX,DolarAPI Oficial Histórico,2026-04-17T12:27:37.910422+00:00
2025-06-11,99.6983,Official FX,DolarAPI Oficial Histórico,2026-04-17T12:27:37.910422+00:00
2025-06-12,100.3396,Official FX,DolarAPI Oficial Histórico,2026-04-17T12:27:37.910422+00:00
2025-06-13,101.0822,Official FX,DolarAPI Oficial Histórico,2026-04-17T12:27:37.910422+00:00
2025-06-17,102.157,Official FX,DolarAPI Oficial Histórico,2026-04-17T12:27:37.910422+00:00
2025-06-18,102.8083,Official FX,DolarAPI Oficial Histórico,2026-04-17T12:27:37.910422+00:00
2025-06-19,103.7355,Official FX,DolarAPI Oficial Histórico,2026-04-17T12:27:37.910422+00:00
2025-06-20,104.5434,Official FX,DolarAPI Oficial Histórico,2026-04-17T12:27:37.910422+00:00
2025-06-25,105.4527,Official FX,DolarAPI Oficial Histórico,2026-04-17T12:27:37.910422+00:00
2025-06-26,106.1685,Official FX,DolarAPI Oficial Histórico,2026-04-17T12:27:37.910422+00:00
2025-06-27,106.862,Official FX,DolarAPI Oficial Histórico,2026-04-17T12:27:37.910422+00:00
2025-06-30,107.6245,Official FX,DolarAPI Oficial Histórico,2026-04-17T12:27:37.910422+00:00
2025-07-01,108.1891,Official FX,DolarAPI Oficial Histórico,2026-04-17T12:27:37.910422+00:00
2025-07-02,108.9785,Official FX,DolarAPI Oficial Histórico,2026-04-17T12:27:37.910422+00:00
2025-07-03,109.7724,Official FX,DolarAPI Oficial Histórico,2026-04-17T12:27:37.910422+00:00
2025-07-04,110.5569,Official FX,DolarAPI Oficial Histórico,2026-04-17T12:27:37.910422+00:00
2025-07-07,111.4186,Official FX,DolarAPI Oficial Histórico,2026-04-17T12:27:37.910422+00:00
2025-07-08,112.1278,Official FX,DolarAPI Oficial Histórico,2026-04-17T12:27:37.910422+00:00
2025-07-09,112.8285,Official FX,DolarAPI Oficial Histórico,2026-04-17T12:27:37.910422+00:00
2025-07-10,113.7505,Official FX,DolarAPI Oficial Histórico,2026-04-17T12:27:37.910422+00:00
2025-07-11,114.4115,Official FX,DolarAPI Oficial Histórico,2026-04-17T12:27:37.910422+00:00
2025-07-14,115.3279,Official FX,DolarAPI Oficial Histórico,2026-04-17T12:27:37.910422+00:00
2025-07-15,115.8446,Official FX,DolarAPI Oficial Histórico,2026-04-17T12:27:37.910422+00:00
2025-07-16,116.8191,Official FX,DolarAPI Oficial Histórico,2026-04-17T12:27:37.910422+00:00
2025-07-17,117.4036,Official FX,DolarAPI Oficial Histórico,2026-04-17T12:27:37.910422+00:00
2025-07-18,118.2874,Official FX,DolarAPI Oficial Histórico,2026-04-17T12:27:37.910422+00:00
2025-07-21,119.1446,Official FX,DolarAPI Oficial Histórico,2026-04-17T12:27:37.910422+00:00
2025-07-22,119.6662,Official FX,DolarAPI Oficial Histórico,2026-04-17T12:27:37.910422+00:00
2025-07-23,120.4239,Official FX,DolarAPI Oficial Histórico,2026-04-17T12:27:37.910422+00:00
2025-07-25,121.3469,Official FX,DolarAPI Oficial Histórico,2026-04-17T12:27:37.910422+00:00
2025-07-28,122.17,Official FX,DolarAPI Oficial Histórico,2026-04-17T12:27:37.910422+00:00
2025-07-29,122.8408,Official FX,DolarAPI Oficial Histórico,2026-04-17T12:27:37.910422+00:00
2025-07-30,123.8718,Official FX,DolarAPI Oficial Histórico,2026-04-17T12:27:37.910422+00:00
2025-07-31,124.5102,Official FX,DolarAPI Oficial Histórico,2026-04-17T12:27:37.910422+00:00
2025-08-01,125.4247,Official FX,DolarAPI Oficial Histórico,2026-04-17T12:27:37.910422+00:00
2025-08-04,126.2802,Official FX,DolarAPI Oficial Histórico,2026-04-17T12:27:37.910422+00:00
2025-08-05,127.1097,Official FX,DolarAPI Oficial Histórico,2026-04-17T12:27:37.910422+00:00
2025-08-06,128.2409,Official FX,DolarAPI Oficial Histórico,2026-04-17T12:27:37.910422+00:00
2025-08-07,129.0535,Official FX,DolarAPI Oficial Histórico,2026-04-17T12:27:37.910422+00:00
2025-08-08,130.0652,Official FX,DolarAPI Oficial Histórico,2026-04-17T12:27:37.910422+00:00
2025-08-11,131.1241,Official FX,DolarAPI Oficial Histórico,2026-04-17T12:27:37.910422+00:00
2025-08-12,132.3026,Official FX,DolarAPI Oficial Histórico,2026-04-17T12:27:37.910422+00:00
2025-08-13,133.5159,Official FX,DolarAPI Oficial Histórico,2026-04-17T12:27:37.910422+00:00
2025-08-14,134.4812,Official FX,DolarAPI Oficial Histórico,2026-04-17T12:27:37.910422+00:00
2025-08-15,135.6399,Official FX,DolarAPI Oficial Histórico,2026-04-17T12:27:37.910422+00:00
2025-08-19,136.8931,Official FX,DolarAPI Oficial Histórico,2026-04-17T12:27:37.910422+00:00
2025-08-20,138.1283,Official FX,DolarAPI Oficial Histórico,2026-04-17T12:27:37.910422+00:00
2025-08-21,139.4016,Official FX,DolarAPI Oficial Histórico,2026-04-17T12:27:37.910422+00:00
2025-08-22,140.66,Official FX,DolarAPI Oficial Histórico,2026-04-17T12:27:37.910422+00:00
2025-08-25,141.8843,Official FX,DolarAPI Oficial Histórico,2026-04-17T12:27:37.910422+00:00
2025-08-26,143.0381,Official FX,DolarAPI Oficial Histórico,2026-04-17T12:27:37.910422+00:00
2025-08-27,144.3732,Official FX,DolarAPI Oficial Histórico,2026-04-17T12:27:37.910422+00:00
2025-08-28,145.7453,Official FX,DolarAPI Oficial Histórico,2026-04-17T12:27:37.910422+00:00
2025-08-29,147.0825,Official FX,DolarAPI Oficial Histórico,2026-04-17T12:27:37.910422+00:00
2025-09-01,148.444,Official FX,DolarAPI Oficial Histórico,2026-04-17T12:27:37.910422+00:00
2025-09-02,149.4677,Official FX,DolarAPI Oficial Histórico,2026-04-17T12:27:37.910422+00:00
2025-09-03,150.7952,Official FX,DolarAPI Oficial Histórico,2026-04-17T12:27:37.910422+00:00
2025-09-04,151.7627,Official FX,DolarAPI Oficial Histórico,2026-04-17T12:27:37.910422+00:00
2025-09-05,152.8216,Official FX,DolarAPI Oficial Histórico,2026-04-17T12:27:37.910422+00:00
2025-09-08,154.0108,Official FX,DolarAPI Oficial Histórico,2026-04-17T12:27:37.910422+00:00
2025-09-09,154.9825,Official FX,DolarAPI Oficial Histórico,2026-04-17T12:27:37.910422+00:00
2025-09-10,156.3739,Official FX,DolarAPI Oficial Histórico,2026-04-17T12:27:37.910422+00:00
2025-09-11,157.7287,Official FX,DolarAPI Oficial Histórico,2026-04-17T12:27:37.910422+00:00
2025-09-12,158.9289,Official FX,DolarAPI Oficial Histórico,2026-04-17T12:27:37.910422+00:00
2025-09-16,160.4479,Official FX,DolarAPI Oficial Histórico,2026-04-17T12:27:37.910422+00:00
2025-09-17,161.888,Official FX,DolarAPI Oficial Histórico,2026-04-17T12:27:37.910422+00:00
2025-09-18,163.6474,Official FX,DolarAPI Oficial Histórico,2026-04-17T12:27:37.910422+00:00
2025-09-19,165.4101,Official FX,DolarAPI Oficial Histórico,2026-04-17T12:27:37.910422+00:00
2025-09-22,166.5834,Official FX,DolarAPI Oficial Histórico,2026-04-17T12:27:37.910422+00:00
2025-09-23,168.4157,Official FX,DolarAPI Oficial Histórico,2026-04-17T12:27:37.910422+00:00
2025-09-24,169.9761,Official FX,DolarAPI Oficial Histórico,2026-04-17T12:27:37.910422+00:00
2025-09-25,171.8458,Official FX,DolarAPI Oficial Histórico,2026-04-17T12:27:37.910422+00:00
2025-09-26,173.7361,Official FX,DolarAPI Oficial Histórico,2026-04-17T12:27:37.910422+00:00
2025-09-29,175.6471,Official FX,DolarAPI Oficial Histórico,2026-04-17T12:27:37.910422+00:00
2025-09-30,177.6143,Official FX,DolarAPI Oficial Histórico,2026-04-17T12:27:37.910422+00:00
2025-10-01,179.4308,Official FX,DolarAPI Oficial Histórico,2026-04-17T12:27:37.910422+00:00
2025-10-02,181.3037,Official FX,DolarAPI Oficial Histórico,2026-04-17T12:27:37.910422+00:00
2025-10-03,183.1369,Official FX,DolarAPI Oficial Histórico,2026-04-17T12:27:37.910422+00:00
2025-10-06,185.3983,Official FX,DolarAPI Oficial Histórico,2026-04-17T12:27:37.910422+00:00
2025-10-07,187.2893,Official FX,DolarAPI Oficial Histórico,2026-04-17T12:27:37.910422+00:00
2025-10-08,189.2594,Official FX,DolarAPI Oficial Histórico,2026-04-17T12:27:37.910422+00:00
2025-10-09,191.3661,Official FX,DolarAPI Oficial Histórico,2026-04-17T12:27:37.910422+00:00
2025-10-10,193.2996,Official FX,DolarAPI Oficial Histórico,2026-04-17T12:27:37.910422+00:00
2025-10-13,195.2491,Official FX,DolarAPI Oficial Histórico,2026-04-17T12:27:37.910422+00:00
2025-10-14,197.2456,Official FX,DolarAPI Oficial Histórico,2026-04-17T12:27:37.910422+00:00
2025-10-15,199.1072,Official FX,DolarAPI Oficial Histórico,2026-04-17T12:27:37.910422+00:00
2025-10-16,201.4665,Official FX,DolarAPI Oficial Histórico,2026-04-17T12:27:37.910422+00:00
2025-10-17,203.742,Official FX,DolarAPI Oficial Histórico,2026-04-17T12:27:37.910422+00:00
2025-10-20,205.6754,Official FX,DolarAPI Oficial Histórico,2026-04-17T12:27:37.910422+00:00
2025-10-21,207.8938,Official FX,DolarAPI Oficial Histórico,2026-04-17T12:27:37.910422+00:00
2025-10-22,210.2825,Official FX,DolarAPI Oficial Histórico,2026-04-17T12:27:37.910422+00:00
2025-10-23,212.4837,Official FX,DolarAPI Oficial Histórico,2026-04-17T12:27:37.910422+00:00
2025-10-24,214.419,Official FX,DolarAPI Oficial Histórico,2026-04-17T12:27:37.910422+00:00
2025-10-27,216.3714,Official FX,DolarAPI Oficial Histórico,2026-04-17T12:27:37.910422+00:00
2025-10-28,218.17,Official FX,DolarAPI Oficial Histórico,2026-04-17T12:27:37.910422+00:00
2025-10-29,219.8737,Official FX,DolarAPI Oficial Histórico,2026-04-17T12:27:37.910422+00:00
2025-10-30,221.7438,Official FX,DolarAPI Oficial Histórico,2026-04-17T12:27:37.910422+00:00
2025-10-31,223.6459,Official FX,DolarAPI Oficial Histórico,2026-04-17T12:27:37.910422+00:00
2025-11-03,223.9622,Official FX,DolarAPI Oficial Histórico,2026-04-17T12:27:37.910422+00:00
2025-11-04,224.3762,Official FX,DolarAPI Oficial Histórico,2026-04-17T12:27:37.910422+00:00
2025-11-05,226.1305,Official FX,DolarAPI Oficial Histórico,2026-04-17T12:27:37.910422+00:00
2025-11-06,227.5567,Official FX,DolarAPI Oficial Histórico,2026-04-17T12:27:37.910422+00:00
2025-11-07,228.4796,Official FX,DolarAPI Oficial Histórico,2026-04-17T12:27:37.910422+00:00
2025-11-10,231.0462,Official FX,DolarAPI Oficial Histórico,2026-04-17T12:27:37.910422+00:00
2025-11-11,231.0938,Official FX,DolarAPI Oficial Histórico,2026-04-17T12:27:37.910422+00:00
2025-11-12,233.0458,Official FX,DolarAPI Oficial Histórico,2026-04-17T12:27:37.910422+00:00
2025-11-13,233.5576,Official FX,DolarAPI Oficial Histórico,2026-04-17T12:27:37.910422+00:00
2025-11-14,234.8715,Official FX,DolarAPI Oficial Histórico,2026-04-17T12:27:37.910422+00:00
2025-11-17,236.4601,Official FX,DolarAPI Oficial Histórico,2026-04-17T12:27:37.910422+00:00
2025-11-18,236.8389,Official FX,DolarAPI Oficial Histórico,2026-04-17T12:27:37.910422+00:00
2025-11-19,237.7505,Official FX,DolarAPI Oficial Histórico,2026-04-17T12:27:37.910422+00:00
2025-11-20,240.3209,Official FX,DolarAPI Oficial Histórico,2026-04-17T12:27:37.910422+00:00
2025-11-21,241.578,Official FX,DolarAPI Oficial Histórico,2026-04-17T12:27:37.910422+00:00
2025-11-25,243.1105,Official FX,DolarAPI Oficial Histórico,2026-04-17T12:27:37.910422+00:00
2025-11-26,243.5727,Official FX,DolarAPI Oficial Histórico,2026-04-17T12:27:37.910422+00:00
2025-11-27,244.6504,Official FX,DolarAPI Oficial Histórico,2026-04-17T12:27:37.910422+00:00
2025-11-28,245.6697,Official FX,DolarAPI Oficial Histórico,2026-04-17T12:27:37.910422+00:00
2025-12-01,247.3003,Official FX,DolarAPI Oficial Histórico,2026-04-17T12:27:37.910422+00:00
2025-12-02,247.4071,Official FX,DolarAPI Oficial Histórico,2026-04-17T12:27:37.910422+00:00
2025-12-03,249.1989,Official FX,DolarAPI Oficial Histórico,2026-04-17T12:27:37.910422+00:00
2025-12-04,251.8867,Official FX,DolarAPI Oficial Histórico,2026-04-17T12:27:37.910422+00:00
2025-12-05,254.8705,Official FX,DolarAPI Oficial Histórico,2026-04-17T12:27:37.910422+00:00
2025-12-09,257.9287,Official FX,DolarAPI Oficial Histórico,2026-04-17T12:27:37.910422+00:00
2025-12-10,262.1036,Official FX,DolarAPI Oficial Histórico,2026-04-17T12:27:37.910422+00:00
2025-12-11,265.0662,Official FX,DolarAPI Oficial Histórico,2026-04-17T12:27:37.910422+00:00
2025-12-12,267.7499,Official FX,DolarAPI Oficial Histórico,2026-04-17T12:27:37.910422+00:00
2025-12-15,270.7893,Official FX,DolarAPI Oficial Histórico,2026-04-17T12:27:37.910422+00:00
2025-12-16,273.5861,Official FX,DolarAPI Oficial Histórico,2026-04-17T12:27:37.910422+00:00
2025-12-17,276.5769,Official FX,DolarAPI Oficial Histórico,2026-04-17T12:27:37.910422+00:00
2025-12-18,279.5629,Official FX,DolarAPI Oficial Histórico,2026-04-17T12:27:37.910422+00:00
2025-12-19,282.5128,Official FX,DolarAPI Oficial Histórico,2026-04-17T12:27:37.910422+00:00
2025-12-22,285.4024,Official FX,DolarAPI Oficial Histórico,2026-04-17T12:27:37.910422+00:00
2025-12-23,288.4494,Official FX,DolarAPI Oficial Histórico,2026-04-17T12:27:37.910422+00:00
2025-12-26,291.3524,Official FX,DolarAPI Oficial Histórico,2026-04-17T12:27:37.910422+00:00
2025-12-29,294.9699,Official FX,DolarAPI Oficial Histórico,2026-04-17T12:27:37.910422+00:00
2025-12-30,298.1431,Official FX,DolarAPI Oficial Histórico,2026-04-17T12:27:37.910422+00:00
2026-01-02,301.3709,Official FX,DolarAPI Oficial Histórico,2026-04-17T12:27:37.910422+00:00
2026-01-05,304.6796,Official FX,DolarAPI Oficial Histórico,2026-04-17T12:27:37.910422+00:00
2026-01-06,308.1546,Official FX,DolarAPI Oficial Histórico,2026-04-17T12:27:37.910422+00:00
2026-01-07,311.8814,Official FX,DolarAPI Oficial Histórico,2026-04-17T12:27:37.910422+00:00
2026-01-08,321.0323,Official FX,DolarAPI Oficial Histórico,2026-04-17T12:27:37.910422+00:00
2026-01-09,325.3894,Official FX,DolarAPI Oficial Histórico,2026-04-17T12:27:37.910422+00:00
2026-01-13,330.3751,Official FX,DolarAPI Oficial Histórico,2026-04-17T12:27:37.910422+00:00
2026-01-14,336.4596,Official FX,DolarAPI Oficial Histórico,2026-04-17T12:27:37.910422+00:00
2026-01-15,339.1495,Official FX,DolarAPI Oficial Histórico,2026-04-17T12:27:37.910422+00:00
2026-01-16,341.7425,Official FX,DolarAPI Oficial Histórico,2026-04-17T12:27:37.910422+00:00
2026-01-20,344.5071,Official FX,DolarAPI Oficial Histórico,2026-04-17T12:27:37.910422+00:00
2026-01-21,347.2631,Official FX,DolarAPI Oficial Histórico,2026-04-17T12:27:37.910422+00:00
2026-01-22,349.9272,Official FX,DolarAPI Oficial Histórico,2026-04-17T12:27:37.910422+00:00
2026-01-23,352.7063,Official FX,DolarAPI Oficial Histórico,2026-04-17T12:27:37.910422+00:00
2026-01-26,355.5528,Official FX,DolarAPI Oficial Histórico,2026-04-17T12:27:37.910422+00:00
2026-01-27,358.9247,Official FX,DolarAPI Oficial Histórico,2026-04-17T12:27:37.910422+00:00
2026-01-28,361.4906,Official FX,DolarAPI Oficial Histórico,2026-04-17T12:27:37.910422+00:00
2026-01-29,363.6623,Official FX,DolarAPI Oficial Histórico,2026-04-17T12:27:37.910422+00:00
2026-01-30,367.3069,Official FX,DolarAPI Oficial Histórico,2026-04-17T12:27:37.910422+00:00
2026-02-02,370.2544,Official FX,DolarAPI Oficial Histórico,2026-04-17T12:27:37.910422+00:00
2026-02-03,372.1057,Official FX,DolarAPI Oficial Histórico,2026-04-17T12:27:37.910422+00:00
2026-02-04,375.0825,Official FX,DolarAPI Oficial Histórico,2026-04-17T12:27:37.910422+00:00
2026-02-05,378.4582,Official FX,DolarAPI Oficial Histórico,2026-04-17T12:27:37.910422+00:00
2026-02-06,381.1074,Official FX,DolarAPI Oficial Histórico,2026-04-17T12:27:37.910422+00:00
2026-02-09,382.6318,Official FX,DolarAPI Oficial Histórico,2026-04-17T12:27:37.910422+00:00
2026-02-10,385.272,Official FX,DolarAPI Oficial Histórico,2026-04-17T12:27:37.910422+00:00
2026-02-11,388.7394,Official FX,DolarAPI Oficial Histórico,2026-04-17T12:27:37.910422+00:00
2026-02-12,390.2944,Official FX,DolarAPI Oficial Histórico,2026-04-17T12:27:37.910422+00:00
2026-02-13,393.2216,Official FX,DolarAPI Oficial Histórico,2026-04-17T12:27:37.910422+00:00
2026-02-18,396.3674,Official FX,DolarAPI Oficial Histórico,2026-04-17T12:27:37.910422+00:00
2026-02-19,398.7456,Official FX,DolarAPI Oficial Histórico,2026-04-17T12:27:37.910422+00:00
2026-02-20,402.3343,Official FX,DolarAPI Oficial Histórico,2026-04-17T12:27:37.910422+00:00
2026-02-23,405.3518,Official FX,DolarAPI Oficial Histórico,2026-04-17T12:27:37.910422+00:00
2026-02-24,407.3786,Official FX,DolarAPI Oficial Histórico,2026-04-17T12:27:37.910422+00:00
2026-02-25,411.0857,Official FX,DolarAPI Oficial Histórico,2026-04-17T12:27:37.910422+00:00
2026-02-26,414.0455,Official FX,DolarAPI Oficial Histórico,2026-04-17T12:27:37.910422+00:00
2026-02-27,417.3579,Official FX,DolarAPI Oficial Histórico,2026-04-17T12:27:37.910422+00:00
2026-03-02,419.9873,Official FX,DolarAPI Oficial Histórico,2026-04-17T12:27:37.910422+00:00
2026-03-03,421.8772,Official FX,DolarAPI Oficial Histórico,2026-04-17T12:27:37.910422+00:00
2026-03-04,425.6741,Official FX,DolarAPI Oficial Histórico,2026-04-17T12:27:37.910422+00:00
2026-03-05,427.9302,Official FX,DolarAPI Oficial Histórico,2026-04-17T12:27:37.910422+00:00
2026-03-06,431.0113,Official FX,DolarAPI Oficial Histórico,2026-04-17T12:27:37.910422+00:00
2026-03-09,433.1664,Official FX,DolarAPI Oficial Histórico,2026-04-17T12:27:37.910422+00:00
2026-03-10,436.2419,Official FX,DolarAPI Oficial Histórico,2026-04-17T12:27:37.910422+00:00
2026-03-11,438.205,Official FX,DolarAPI Oficial Histórico,2026-04-17T12:27:37.910422+00:00
2026-03-12,440.9657,Official FX,DolarAPI Oficial Histórico,2026-04-17T12:27:37.910422+00:00
2026-03-13,443.2587,Official FX,DolarAPI Oficial Histórico,2026-04-17T12:27:37.910422+00:00
2026-03-16,446.8048,Official FX,DolarAPI Oficial Histórico,2026-04-17T12:27:37.910422+00:00
2026-03-17,448.3686,Official FX,DolarAPI Oficial Histórico,2026-04-17T12:27:37.910422+00:00
2026-03-18,451.5072,Official FX,DolarAPI Oficial Histórico,2026-04-17T12:27:37.910422+00:00
2026-03-20,455.2547,Official FX,DolarAPI Oficial Histórico,2026-04-17T12:27:37.910422+00:00
2026-03-23,457.0757,Official FX,DolarAPI Oficial Histórico,2026-04-17T12:27:37.910422+00:00
2026-03-24,459.4525,Official FX,DolarAPI Oficial Histórico,2026-04-17T12:27:37.910422+00:00
2026-03-25,462.6687,Official FX,DolarAPI Oficial Histórico,2026-04-17T12:27:37.910422+00:00
2026-03-26,466.6014,Official FX,DolarAPI Oficial Histórico,2026-04-17T12:27:37.910422+00:00
2026-03-27,468.5145,Official FX,DolarAPI Oficial Histórico,2026-04-17T12:27:37.910422+00:00
2026-03-30,471.7004,Official FX,DolarAPI Oficial Histórico,2026-04-17T12:27:37.910422+00:00
2026-03-31,473.8702,Official FX,DolarAPI Oficial Histórico,2026-04-17T12:27:37.910422+00:00
2026-04-01,473.9176,Official FX,DolarAPI Oficial Histórico,2026-04-17T12:27:37.910422+00:00
2026-04-06,474.0598,Official FX,DolarAPI Oficial Histórico,2026-04-17T12:27:37.910422+00:00
2026-04-07,474.5338,Official FX,DolarAPI Oficial Histórico,2026-04-17T12:27:37.910422+00:00
2026-04-08,475.0083,Official FX,DolarAPI Oficial Histórico,2026-04-17T12:27:37.910422+00:00
2026-04-09,475.9583,Official FX,DolarAPI Oficial Histórico,2026-04-17T12:27:37.910422+00:00
2026-04-10,476.4342,Official FX,DolarAPI Oficial Histórico,2026-04-17T12:27:37.910422+00:00
2026-04-13,477.1488,Official FX,DolarAPI Oficial Histórico,2026-04-17T12:27:37.910422+00:00
2026-04-14,477.6259,Official FX,DolarAPI Oficial Histórico,2026-04-17T12:27:37.910422+00:00
2026-04-15,478.5811,Official FX,DolarAPI Oficial Histórico,2026-04-17T12:27:37.910422+00:00
2026-04-16,479.7775,Official FX,DolarAPI Oficial Histórico,2026-04-17T12:27:37.910422+00:00
2026-04-17,480.2572,Official FX,DolarAPI Oficial Histórico,2026-04-17T12:27:37.910422+00:00
